<?xml version="1.0" encoding="iso-8859-1" standalone="no"?>
<comments
  xmlns:xsi='http://www.w3.org/2001/XMLSchema-instance'
  xsi:noNamespaceSchemaLocation='comments.xsd'
  name="GPC-CORE-API-1.5_to_GPC-CORE-API-1.6"
  jdversion="1.1.1">

<!-- This file contains comments for a JDiff report. -->
<!-- It is used only in generating the report, and does not need to ship with the final report. -->

<!-- The id attribute in an identifier element identifies the change as noted in the report. -->
<!-- An id has the form package[.class[.[ctor|method|field].signature]], where [] indicates optional text. -->
<!-- A comment element can have multiple identifier elements, which will -->
<!-- will cause the same text to appear at each place in the report, but -->
<!-- will be converted to separate comments when the comments file is used. -->
<!-- HTML tags in the text field will appear in the report. -->
<!-- You also need to close p HTML elements, used for paragraphs - see the top-level documentation. -->
<comment>
  <identifier id="org.globalplatform"/>
  <text>
    InsertCommentsHere
  </text>
</comment>
<comment>
  <identifier id="org.globalplatform.Application"/>
  <text>
    InsertCommentsHere
  </text>
</comment>
<comment>
  <identifier id="org.globalplatform.Application.processData_changed(byte[], short, short)"/>
  <text>
    InsertCommentsHere
  </text>
</comment>
<comment>
  <identifier id="org.globalplatform.Authority"/>
  <text>
    InsertCommentsHere
  </text>
</comment>
<comment>
  <identifier id="org.globalplatform.Authority.MODE_KEY_RECOVERY"/>
  <text>
    InsertCommentsHere
  </text>
</comment>
<comment>
  <identifier id="org.globalplatform.Authority.MODE_SIGN"/>
  <text>
    InsertCommentsHere
  </text>
</comment>
<comment>
  <identifier id="org.globalplatform.Authority.init_changed(byte)"/>
  <text>
    InsertCommentsHere
  </text>
</comment>
<comment>
  <identifier id="org.globalplatform.Authority.recoverKey_changed(byte[], short, short, byte[], short)"/>
  <text>
    InsertCommentsHere
  </text>
</comment>
<comment>
  <identifier id="org.globalplatform.Authority.sign_changed(byte[], short, short, byte[], short)"/>
  <text>
    InsertCommentsHere
  </text>
</comment>
<comment>
  <identifier id="org.globalplatform.Authority.update_changed(byte[], short, short)"/>
  <text>
    InsertCommentsHere
  </text>
</comment>
<comment>
  <identifier id="org.globalplatform.CVM"/>
  <text>
    InsertCommentsHere
  </text>
</comment>
<comment>
  <identifier id="org.globalplatform.CVM.FORMAT_ASCII"/>
  <text>
    InsertCommentsHere
  </text>
</comment>
<comment>
  <identifier id="org.globalplatform.CVM.FORMAT_BCD"/>
  <text>
    InsertCommentsHere
  </text>
</comment>
<comment>
  <identifier id="org.globalplatform.CVM.FORMAT_HEX"/>
  <text>
    InsertCommentsHere
  </text>
</comment>
<comment>
  <identifier id="org.globalplatform.CVM.blockState_changed()"/>
  <text>
    InsertCommentsHere
  </text>
</comment>
<comment>
  <identifier id="org.globalplatform.CVM.getTriesRemaining_changed()"/>
  <text>
    InsertCommentsHere
  </text>
</comment>
<comment>
  <identifier id="org.globalplatform.CVM.isActive_changed()"/>
  <text>
    InsertCommentsHere
  </text>
</comment>
<comment>
  <identifier id="org.globalplatform.CVM.isBlocked_changed()"/>
  <text>
    InsertCommentsHere
  </text>
</comment>
<comment>
  <identifier id="org.globalplatform.CVM.isSubmitted_changed()"/>
  <text>
    InsertCommentsHere
  </text>
</comment>
<comment>
  <identifier id="org.globalplatform.CVM.isVerified_changed()"/>
  <text>
    InsertCommentsHere
  </text>
</comment>
<comment>
  <identifier id="org.globalplatform.CVM.resetAndUnblockState_changed()"/>
  <text>
    InsertCommentsHere
  </text>
</comment>
<comment>
  <identifier id="org.globalplatform.CVM.resetState_changed()"/>
  <text>
    InsertCommentsHere
  </text>
</comment>
<comment>
  <identifier id="org.globalplatform.CVM.setTryLimit_changed(byte)"/>
  <text>
    InsertCommentsHere
  </text>
</comment>
<comment>
  <identifier id="org.globalplatform.CVM.update_changed(byte[], short, byte, byte)"/>
  <text>
    InsertCommentsHere
  </text>
</comment>
<comment>
  <identifier id="org.globalplatform.CVM.verify_changed(byte[], short, byte, byte)"/>
  <text>
    InsertCommentsHere
  </text>
</comment>
<comment>
  <identifier id="org.globalplatform.GPRegistryEntry"/>
  <text>
    InsertCommentsHere
  </text>
</comment>
<comment>
  <identifier id="org.globalplatform.GPRegistryEntry.deregisterService_changed(short)"/>
  <text>
    InsertCommentsHere
  </text>
</comment>
<comment>
  <identifier id="org.globalplatform.GPRegistryEntry.getAID_changed()"/>
  <text>
    InsertCommentsHere
  </text>
</comment>
<comment>
  <identifier id="org.globalplatform.GPRegistryEntry.getPrivileges_changed(byte[], short)"/>
  <text>
    InsertCommentsHere
  </text>
</comment>
<comment>
  <identifier id="org.globalplatform.GPRegistryEntry.getState_changed()"/>
  <text>
    InsertCommentsHere
  </text>
</comment>
<comment>
  <identifier id="org.globalplatform.GPRegistryEntry.isAssociated_changed(javacard.framework.AID)"/>
  <text>
    InsertCommentsHere
  </text>
</comment>
<comment>
  <identifier id="org.globalplatform.GPRegistryEntry.isPrivileged_changed(byte)"/>
  <text>
    InsertCommentsHere
  </text>
</comment>
<comment>
  <identifier id="org.globalplatform.GPRegistryEntry.registerService_changed(short)"/>
  <text>
    InsertCommentsHere
  </text>
</comment>
<comment>
  <identifier id="org.globalplatform.GPRegistryEntry.setState_changed(byte)"/>
  <text>
    InsertCommentsHere
  </text>
</comment>
<comment>
  <identifier id="org.globalplatform.GPSystem"/>
  <text>
    InsertCommentsHere
  </text>
</comment>
<comment>
  <identifier id="org.globalplatform.GPSystem.APPLICATION_LOCKED"/>
  <text>
    InsertCommentsHere
  </text>
</comment>
<comment>
  <identifier id="org.globalplatform.GPSystem.CVM_ETSI_PIN_APP_1"/>
  <text>
    InsertCommentsHere
  </text>
</comment>
<comment>
  <identifier id="org.globalplatform.GPSystem.CVM_ETSI_PIN_APP_2"/>
  <text>
    InsertCommentsHere
  </text>
</comment>
<comment>
  <identifier id="org.globalplatform.GPSystem.CVM_ETSI_PIN_APP_3"/>
  <text>
    InsertCommentsHere
  </text>
</comment>
<comment>
  <identifier id="org.globalplatform.GPSystem.CVM_ETSI_PIN_APP_4"/>
  <text>
    InsertCommentsHere
  </text>
</comment>
<comment>
  <identifier id="org.globalplatform.GPSystem.CVM_ETSI_PIN_APP_5"/>
  <text>
    InsertCommentsHere
  </text>
</comment>
<comment>
  <identifier id="org.globalplatform.GPSystem.CVM_ETSI_PIN_APP_6"/>
  <text>
    InsertCommentsHere
  </text>
</comment>
<comment>
  <identifier id="org.globalplatform.GPSystem.CVM_ETSI_PIN_APP_7"/>
  <text>
    InsertCommentsHere
  </text>
</comment>
<comment>
  <identifier id="org.globalplatform.GPSystem.CVM_ETSI_PIN_APP_8"/>
  <text>
    InsertCommentsHere
  </text>
</comment>
<comment>
  <identifier id="org.globalplatform.GPSystem.CVM_GLOBAL_PIN"/>
  <text>
    InsertCommentsHere
  </text>
</comment>
<comment>
  <identifier id="org.globalplatform.GPSystem.FAMILY_HTTP_REPORT"/>
  <text>
    InsertCommentsHere
  </text>
</comment>
<comment>
  <identifier id="org.globalplatform.GPSystem.getCVM_changed(byte)"/>
  <text>
    InsertCommentsHere
  </text>
</comment>
<comment>
  <identifier id="org.globalplatform.GPSystem.getCardContentState_changed()"/>
  <text>
    InsertCommentsHere
  </text>
</comment>
<comment>
  <identifier id="org.globalplatform.GPSystem.getCardState_changed()"/>
  <text>
    InsertCommentsHere
  </text>
</comment>
<comment>
  <identifier id="org.globalplatform.GPSystem.getRegistryEntry_changed(javacard.framework.AID)"/>
  <text>
    InsertCommentsHere
  </text>
</comment>
<comment>
  <identifier id="org.globalplatform.GPSystem.getSecureChannel_changed()"/>
  <text>
    InsertCommentsHere
  </text>
</comment>
<comment>
  <identifier id="org.globalplatform.GPSystem.getService_changed(javacard.framework.AID, short)"/>
  <text>
    InsertCommentsHere
  </text>
</comment>
<comment>
  <identifier id="org.globalplatform.GPSystem.lockCard_changed()"/>
  <text>
    InsertCommentsHere
  </text>
</comment>
<comment>
  <identifier id="org.globalplatform.GPSystem.setATRHistBytes_changed(byte[], short, byte)"/>
  <text>
    InsertCommentsHere
  </text>
</comment>
<comment>
  <identifier id="org.globalplatform.GPSystem.setCardContentState_changed(byte)"/>
  <text>
    InsertCommentsHere
  </text>
</comment>
<comment>
  <identifier id="org.globalplatform.GPSystem.terminateCard_changed()"/>
  <text>
    InsertCommentsHere
  </text>
</comment>
<comment>
  <identifier id="org.globalplatform.GlobalService"/>
  <text>
    InsertCommentsHere
  </text>
</comment>
<comment>
  <identifier id="org.globalplatform.GlobalService.KEY_ACCESS_ANY"/>
  <text>
    InsertCommentsHere
  </text>
</comment>
<comment>
  <identifier id="org.globalplatform.GlobalService.KEY_ACCESS_APPLICATION"/>
  <text>
    InsertCommentsHere
  </text>
</comment>
<comment>
  <identifier id="org.globalplatform.GlobalService.KEY_ACCESS_SECURITY_DOMAIN"/>
  <text>
    InsertCommentsHere
  </text>
</comment>
<comment>
  <identifier id="org.globalplatform.GlobalService.getServiceInterface_changed(org.globalplatform.GPRegistryEntry, short, byte[], short, short)"/>
  <text>
    InsertCommentsHere
  </text>
</comment>
<comment>
  <identifier id="org.globalplatform.HTTPAdministration"/>
  <text>
    InsertCommentsHere
  </text>
</comment>
<comment>
  <identifier id="org.globalplatform.HTTPAdministration.requestHTTPAdministrationSession_changed(byte[], short, short)"/>
  <text>
    InsertCommentsHere
  </text>
</comment>
<comment>
  <identifier id="org.globalplatform.HTTPReportListener"/>
  <text>
    InsertCommentsHere
  </text>
</comment>
<comment>
  <identifier id="org.globalplatform.HTTPReportListener.HTTP_SESSION_ERROR"/>
  <text>
    InsertCommentsHere
  </text>
</comment>
<comment>
  <identifier id="org.globalplatform.HTTPReportListener.HTTP_SESSION_NO_ERROR"/>
  <text>
    InsertCommentsHere
  </text>
</comment>
<comment>
  <identifier id="org.globalplatform.HTTPReportListener.httpAdministationSessionReport_changed(short)"/>
  <text>
    InsertCommentsHere
  </text>
</comment>
<comment>
  <identifier id="org.globalplatform.Personalization"/>
  <text>
    InsertCommentsHere
  </text>
</comment>
<comment>
  <identifier id="org.globalplatform.Personalization.processData_changed(byte[], short, short, byte[], short)"/>
  <text>
    InsertCommentsHere
  </text>
</comment>
<comment>
  <identifier id="org.globalplatform.SecureChannel"/>
  <text>
    InsertCommentsHere
  </text>
</comment>
<comment>
  <identifier id="org.globalplatform.SecureChannel.ANY_AUTHENTICATED"/>
  <text>
    InsertCommentsHere
  </text>
</comment>
<comment>
  <identifier id="org.globalplatform.SecureChannel.AUTHENTICATED"/>
  <text>
    InsertCommentsHere
  </text>
</comment>
<comment>
  <identifier id="org.globalplatform.SecureChannel.C_DECRYPTION"/>
  <text>
    InsertCommentsHere
  </text>
</comment>
<comment>
  <identifier id="org.globalplatform.SecureChannel.C_MAC"/>
  <text>
    InsertCommentsHere
  </text>
</comment>
<comment>
  <identifier id="org.globalplatform.SecureChannel.NO_SECURITY_LEVEL"/>
  <text>
    InsertCommentsHere
  </text>
</comment>
<comment>
  <identifier id="org.globalplatform.SecureChannel.R_ENCRYPTION"/>
  <text>
    InsertCommentsHere
  </text>
</comment>
<comment>
  <identifier id="org.globalplatform.SecureChannel.R_MAC"/>
  <text>
    InsertCommentsHere
  </text>
</comment>
<comment>
  <identifier id="org.globalplatform.SecureChannel.decryptData_changed(byte[], short, short)"/>
  <text>
    InsertCommentsHere
  </text>
</comment>
<comment>
  <identifier id="org.globalplatform.SecureChannel.encryptData_changed(byte[], short, short)"/>
  <text>
    InsertCommentsHere
  </text>
</comment>
<comment>
  <identifier id="org.globalplatform.SecureChannel.getSecurityLevel_changed()"/>
  <text>
    InsertCommentsHere
  </text>
</comment>
<comment>
  <identifier id="org.globalplatform.SecureChannel.processSecurity_changed(javacard.framework.APDU)"/>
  <text>
    InsertCommentsHere
  </text>
</comment>
<comment>
  <identifier id="org.globalplatform.SecureChannel.resetSecurity_changed()"/>
  <text>
    InsertCommentsHere
  </text>
</comment>
<comment>
  <identifier id="org.globalplatform.SecureChannel.unwrap_changed(byte[], short, short)"/>
  <text>
    InsertCommentsHere
  </text>
</comment>
<comment>
  <identifier id="org.globalplatform.SecureChannel.wrap_changed(byte[], short, short)"/>
  <text>
    InsertCommentsHere
  </text>
</comment>
<comment>
  <identifier id="org.globalplatform.SecureChannelx"/>
  <text>
    InsertCommentsHere
  </text>
</comment>
<comment>
  <identifier id="org.globalplatform.SecureChannelx.setSecurityLevel_changed(byte)"/>
  <text>
    InsertCommentsHere
  </text>
</comment>
<comment>
  <identifier id="org.globalplatform.SecureChannelx2"/>
  <text>
    InsertCommentsHere
  </text>
</comment>
<comment>
  <identifier id="org.globalplatform.SecureChannelx2.processSecurity_changed(byte[], short, short, short)"/>
  <text>
    InsertCommentsHere
  </text>
</comment>

</comments>
